{"coefficient": 0.2428458763605717, "intercept": -2.361680774191343}